INSERT INTO public.all_user (userid, userpassword, username, useremail)
VALUES 
    (1001, 'password1', 'User 1', 'user1@example.com'),
    (1002, 'password2', 'User 2', 'user2@example.com'),
    (1003, 'password3', 'User 3', 'user3@example.com'),
    (1004, 'password4', 'User 4', 'user4@example.com'),
    (1005, 'password5', 'User 5', 'user5@example.com'),
    (1006, 'password6', 'User 6', 'user6@example.com'),
    (1007, 'password7', 'User 7', 'user7@example.com'),
    (1008, 'password8', 'User 8', 'user8@example.com'),
    (1009, 'password9', 'User 9', 'user9@example.com'),
    (1010, 'password10', 'User 10', 'user10@example.com'),
	(1011, 'password11', 'User 11', 'user11@example.com'),
    (1012, 'password12', 'User 12', 'user12@example.com'),
    (1013, 'password13', 'User 13', 'user13@example.com'),
    (1014, 'password14', 'User 14', 'user14@example.com'),
    (1015, 'password15', 'User 15', 'user15@example.com'),
    (1016, 'password16', 'User 16', 'user16@example.com'),
	(1017, 'password17', 'User 17', 'user17@example.com'),
    (1018, 'password18', 'User 18', 'user18@example.com'),
    (1019, 'password19', 'User 19', 'user19@example.com'),
    (1020, 'password20', 'User 20', 'user20@example.com'),
    (1021, 'password21', 'User 21', 'user21@example.com'),
    (1022, 'password22', 'User 22', 'user22@example.com'),
    (1023, 'password23', 'User 23', 'user23@example.com'),
    (1024, 'password24', 'User 24', 'user24@example.com'),
    (1025, 'password25', 'User 25', 'user25@example.com');
	
INSERT INTO public.hotel_manager (userid)
VALUES 
    (1001),
    (1002),
    (1003),
    (1004),
    (1005),
    (1006),
    (1007),
    (1008),
    (1009),
    (1011),
	(1012),
	(1013),
	(1014),
	(1015),
	(1016),
	(1017),
    (1018),
    (1019),
    (1020),
    (1021),
    (1022),
    (1023),
    (1024),
    (1025);
	
	INSERT INTO public.normal_user (userid, birthdate)
VALUES 
    (1001, '1990-01-01'),
    (1002, '1991-02-02'),
    (1003, '1992-03-03'),
    (1004, '1993-04-04'),
    (1005, '1994-05-05'),
    (1006, '1995-06-06'),
    (1007, '1996-07-07'),
    (1008, '1997-08-08'),
    (1009, '1998-09-09'),
    (1010, '1999-10-10'),
	(1011, '1999-10-10'),
	(1012, '1999-10-10'),
	(1013, '1999-10-10'),
	(1014, '1999-10-10'),
	(1015, '1999-10-10'),
	(1016, '1999-10-10'),
	(1017, '2000-01-01'),
    (1018, '2001-02-02'),
    (1019, '2002-03-03'),
    (1020, '2003-04-04'),
    (1021, '2004-05-05'),
    (1022, '2005-06-06'),
    (1023, '2006-07-07'),
    (1024, '2007-08-08'),
    (1025, '2008-09-09');

-- Insert data into hotel table
INSERT INTO public.hotel (hotelid, userid, hotelname, brandidentity)
VALUES 
    (1001, 1001, 'Grand Plaza Hotel', 'Grand Hotels Group'),
    (1002, 1002, 'Ocean View Resort', 'Ocean Resorts Inc.'),
    (1003, 1003, 'Sunset Paradise Inn', 'Sunset Hospitality Ltd.'),
    (1004, 1004, 'Mountain Lodge Retreat', 'Mountain Resorts & Spas'),
    (1005, 1005, 'Golden Sands Resort', 'Golden Resorts International'),
    (1006, 1001, 'City Tower Hotel', 'Urban Hospitality Group'),  
    (1007, 1002, 'Royal Gardens Hotel', 'Royal Hospitality Management'),  
    (1008, 1003, 'Lakeview Lodge', 'Lakefront Resorts Inc.'), 
    (1009, 1004, 'Alpine Chalet Retreat', 'Alpine Hospitality Group'),  
    (1010, 1005, 'Coastal Haven Resort', 'Coastal Resorts Ltd.'), 
    (1011, 1001, 'Valley View Resort', 'Valley Resorts International'),  
    (1012, 1002, 'Tropical Oasis Inn', 'Tropical Resorts Inc.'), 
    (1013, 1003, 'Urban Heights Hotel', 'Urban Resorts Group'),  
    (1014, 1004, 'Serenity Springs Resort', 'Serenity Hospitality Ltd.'), 
    (1015, 1005, 'Skyline Plaza Hotel', 'Skyline Hospitality Group');  

INSERT INTO public.hotel_branch (hotelid, branchid, branchname, branch_location, decorandtheme, rating_reviews, parkingavailability, parkingtypeparking, parkingcostparking)
VALUES 
    -- Grand Plaza Hotel branches
    (1001, 1001, 'Grand Plaza - Downtown', 'City Center', 'Luxury Modern', 5, true, 'Valet', 20),
    (1001, 1002, 'Grand Plaza - Beachfront', 'Beachside', 'Tropical Paradise', 4, true, 'Covered', 15),
    (1001, 1003, 'Grand Plaza - Mountain View', 'Mountain Resort', 'Alpine Chic', 5, true, 'Open', 10),
    -- Ocean View Resort branches
    (1002, 1004, 'Ocean View - Coastal Retreat', 'Coastal Area', 'Coastal Elegance', 4, true, 'Covered', 18),
    (1002, 1005, 'Ocean View - Island Escape', 'Island Resort', 'Island Paradise', 5, true, 'Valet', 25),
    -- Sunset Paradise Inn branches
    (1003, 1006, 'Sunset Paradise - Lakeside', 'Lakefront', 'Rustic Charm', 4, true, 'Open', 12),
    (1003, 1007, 'Sunset Paradise - Riverside', 'Riverside', 'Riverside Retreat', 4, true, 'Covered', 14),
    -- Mountain Lodge Retreat branches
    (1004, 1008, 'Mountain Lodge - Woodland', 'Woodland Area', 'Log Cabin Style', 5, true, 'Open', 15),
    (1004, 1009, 'Mountain Lodge - Hillside', 'Hillside Resort', 'Ski Chalet', 4, true, 'Covered', 18),
    -- Golden Sands Resort branches
    (1005, 1010, 'Golden Sands - Coastal Haven', 'Coastal Area', 'Coastal Luxury', 4, true, 'Valet', 22),
    (1005, 1011, 'Golden Sands - Desert Oasis', 'Desert Resort', 'Desert Retreat', 4, true, 'Covered', 20),
    -- Additional hotels branches
    (1006, 1012, 'City Tower - Business District', 'Financial District', 'Contemporary Elegance', 4, true, 'Covered', 20),
    (1006, 1013, 'City Tower - Skyline View', 'Skyline Area', 'Modern Chic', 5, true, 'Valet', 25),
    (1007, 1014, 'Royal Gardens - Parkside', 'Park Area', 'Royal Garden Oasis', 5, true, 'Valet', 30),
    (1007, 1015, 'Royal Gardens - Riverfront', 'Riverfront', 'Elegant Riverside', 5, true, 'Covered', 25),
    (1008, 1016, 'Lakeview Lodge - Lakeside', 'Lakeside Area', 'Lakeview Retreat', 3, true, 'Open', 15),
    (1008, 1017, 'Lakeview Lodge - Forest Retreat', 'Forest Area', 'Tranquil Forest Hideaway', 4, true, 'Covered', 18),
    (1009, 1018, 'Alpine Chalet - Mountain View', 'Mountain Resort', 'Alpine Escape', 5, true, 'Open', 20),
    (1009, 1019, 'Alpine Chalet - Lakefront', 'Lakefront Area', 'Lakeside Chalet', 5, true, 'Covered', 22),
    (1010, 1020, 'Coastal Haven - Seaside Retreat', 'Seaside Area', 'Coastal Seclusion', 4, true, 'Covered', 20),
    (1010, 1021, 'Coastal Haven - Bayview', 'Bayfront Area', 'Bayview Escape', 5, true, 'Valet', 25),
    (1011, 1022, 'Valley View - Hilltop Retreat', 'Hilltop Area', 'Panoramic Valley View', 5, true, 'Open', 30),
    (1011, 1023, 'Valley View - Countryside', 'Countryside', 'Rural Serenity', 3, true, 'Covered', 35),
    (1012, 1024, 'Tropical Oasis - Beachfront', 'Beachfront', 'Tropical Beach Hideaway', 4, true, 'Covered', 20),
    (1012, 1025, 'Tropical Oasis - Jungle Retreat', 'Jungle Area', 'Jungle Paradise', 5, true, 'Open', 22),
    (1013, 1026, 'Urban Heights - Downtown', 'City Center', 'Urban Luxury', 4, true, 'Valet', 25),
    (1013, 1027, 'Urban Heights - Arts District', 'Arts District', 'Artistic Retreat', 5, true, 'Covered', 28),
    (1014, 1028, 'Serenity Springs - Lakeside', 'Lakefront Area', 'Tranquil Lakeside Sanctuary', 4, true, 'Covered', 20),
    (1014, 1029, 'Serenity Springs - Countryside', 'Countryside', 'Rural Escape', 3, true, 'Open', 22),
    (1015, 1030, 'Skyline Plaza - Downtown', 'City Center', 'Skyline Luxury', 5, true, 'Valet', 30),
    (1015, 1031, 'Skyline Plaza - Riverfront', 'Riverfront', 'Riverfront Retreat', 5, true, 'Covered', 35);




-- Insert data into details table
INSERT INTO public.details (detailsid, roomdecor, accessibility_features, roomtype, roomview, building_floor, bathroom, bedconfiguration, services, roomsize, wifi, maxpeople, smoking)
VALUES 
    (1001, 'Modern', 'Wheelchair Accessible', 'Standard', 'City View', '5th Floor', 'Private', 'Double Bed', 'Room Service', 300, true, 2, false),
    (1002, 'Classic', 'Elevator Access', 'Standard', 'Ocean View', '2nd Floor', 'Private', 'Twin Beds', 'Concierge', 350, true, 2, true),
    (1003, 'Vintage', 'Ramp Access', 'Standard', 'Mountain View', '3rd Floor', 'Shared', 'Queen Bed', 'Housekeeping', 280, true, 2, false),
    (1004, 'Contemporary', 'Staircase Access', 'Suite', 'Lake View', '4th Floor', 'Private', 'King Bed', 'Laundry', 400, true, 4, true),
    (1005, 'Rustic', 'No Accessibility Features', 'Suite', 'Garden View', '1st Floor', 'Private', 'Bunk Beds', 'Valet Parking', 320, true, 4, false),
    (1006, 'Minimalist', 'Wheelchair Accessible', 'Standard', 'City View', '6th Floor', 'Private', 'Double Bed', 'Room Service', 280, true, 2, false),
    (1007, 'Elegant', 'Elevator Access', 'Standard', 'Ocean View', '3rd Floor', 'Private', 'Twin Beds', 'Concierge', 330, true, 2, true),
    (1008, 'Classic', 'Ramp Access', 'Standard', 'Mountain View', '4th Floor', 'Shared', 'Queen Bed', 'Housekeeping', 270, true, 2, false),
    (1009, 'Modern', 'Staircase Access', 'Suite', 'Lake View', '5th Floor', 'Private', 'King Bed', 'Laundry', 390, true, 4, true),
    (1010, 'Contemporary', 'No Accessibility Features', 'Suite', 'Garden View', '2nd Floor', 'Private', 'Bunk Beds', 'Valet Parking', 310, true, 4, false),
    (1011, 'Urban', 'Elevator Access', 'Standard', 'City View', '8th Floor', 'Shared', 'Double Bed', 'Room Service', 350, true, 2, false),
	(1012, 'Vintage', 'Wheelchair Accessible', 'Standard', 'Mountain View', '7th Floor', 'Private', 'Twin Beds', 'Concierge', 330, true, 2, true),
    (1013, 'Minimalist', 'Elevator Access', 'Standard', 'Ocean View', '9th Floor', 'Private', 'Queen Bed', 'Housekeeping', 370, true, 2, false),
    (1014, 'Classic', 'Ramp Access', 'Suite', 'Lake View', '3rd Floor', 'Private', 'King Bed', 'Laundry', 420, true, 4, true),
    (1015, 'Modern', 'No Accessibility Features', 'Suite', 'Garden View', '2nd Floor', 'Private', 'Bunk Beds', 'Valet Parking', 340, true, 4, false),
	(1016, 'Modern', 'Wheelchair Accessible', 'Standard', 'City View', '6th Floor', 'Private', 'Double Bed', 'Room Service', 300, true, 2, false),
	(1017, 'Elegant', 'Elevator Access', 'Standard', 'Ocean View', '3rd Floor', 'Private', 'Twin Beds', 'Concierge', 330, true, 2, true),
    (1018, 'Classic', 'Ramp Access', 'Standard', 'Mountain View', '4th Floor', 'Shared', 'Queen Bed', 'Housekeeping', 270, true, 2, false),
    (1019, 'Modern', 'Staircase Access', 'Suite', 'Lake View', '5th Floor', 'Private', 'King Bed', 'Laundry', 390, true, 4, true),
    (1020, 'Contemporary', 'No Accessibility Features', 'Suite', 'Garden View', '2nd Floor', 'Private', 'Bunk Beds', 'Valet Parking', 310, true, 4, false),
    (1021, 'Contemporary', 'Staircase Access', 'Standard', 'City View', '6th Floor', 'Private', 'Double Bed', 'Room Service', 280, true, 2, false),
    (1022, 'Vintage', 'Ramp Access', 'Standard', 'Mountain View', '4th Floor', 'Shared', 'Queen Bed', 'Housekeeping', 270, true, 2, false),
    (1023, 'Modern', 'Wheelchair Accessible', 'Standard', 'City View', '5th Floor', 'Private', 'Double Bed', 'Room Service', 300, true, 2, false),
    (1024, 'Classic', 'No Accessibility Features', 'Suite', 'Garden View', '1st Floor', 'Private', 'Bunk Beds', 'Valet Parking', 320, true, 4, false),
    (1025, 'Elegant', 'Elevator Access', 'Standard', 'Ocean View', '3rd Floor', 'Private', 'Twin Beds', 'Concierge', 330, true, 2, true);


-- Insert data into room table
INSERT INTO public.room (branchid, roomid, detailsid, status, pricenormal, priceweekend, priceevent)
VALUES 
    -- Rooms for Grand Plaza Hotel branches
    (1001, 1001, 1001, true, 150, 200, 250),
    (1001, 1002, 1002, true, 170, 220, 270),
    (1001, 1003, 1003, true, 160, 210, 260),
    (1002, 1004, 1004, true, 180, 230, 280),
    (1002, 1005, 1005, true, 140, 190, 240),
    (1003, 1006, 1006, true, 130, 180, 230),
    (1003, 1007, 1007, true, 120, 170, 220),
    -- Rooms for Ocean View Resort branches
    (1004, 1008, 1008, true, 190, 240, 290),
    (1004, 1009, 1009, true, 200, 250, 300),
    -- Rooms for Sunset Paradise Inn branches
    (1006, 1010, 1010, true, 110, 160, 210),
    (1006, 1011, 1011, true, 100, 150, 200),
    -- Rooms for Mountain Lodge Retreat branches
    (1008, 1012, 1012, true, 220, 270, 320),
    (1008, 1013, 1013, true, 210, 260, 310),
    -- Rooms for Golden Sands Resort branches
    (1010, 1014, 1014, true, 230, 280, 330),
    (1010, 1015, 1015, true, 240, 290, 340),
    -- Additional hotels branches
    (1012, 1016, 1016, true, 200, 250, 300),
    (1012, 1017, 1017, true, 210, 260, 310),
    (1013, 1018, 1018, true, 180, 230, 280),
    (1013, 1019, 1019, true, 190, 240, 290),
    (1014, 1020, 1020, true, 220, 270, 320),
    (1014, 1021, 1021, true, 230, 280, 330),
    (1015, 1022, 1022, true, 250, 300, 350),
    (1015, 1023, 1023, true, 260, 310, 360);

INSERT INTO public.booking (bookingid, userid, roomid, checkindate, paytype, numberofbooking)
VALUES 
    (1001, 1001, 1001, '2024-02-01', 'Credit Card', 1),
    (1002, 1002, 1002, '2024-02-02', 'Cash', 2),
    (1003, 1003, 1003, '2024-02-03', 'Credit Card', 1),
    (1004, 1004, 1004, '2024-02-04', 'Credit Card', 3),
    (1005, 1005, 1005, '2024-02-05', 'Cash', 2),
    (1006, 1006, 1006, '2024-02-06', 'Credit Card', 1),
    (1007, 1007, 1007, '2024-02-07', 'Credit Card', 2),
    (1008, 1008, 1008, '2024-02-08', 'Cash', 1),
    (1009, 1009, 1009, '2024-02-09', 'Credit Card', 2),
    (1010, 1010, 1010, '2024-02-10', 'Credit Card', 1),
    (1011, 1011, 1011, '2024-02-11', 'Cash', 3),
    (1012, 1012, 1012, '2024-02-12', 'Credit Card', 2),
    (1013, 1013, 1013, '2024-02-13', 'Credit Card', 1),
    (1014, 1014, 1014, '2024-02-14', 'Cash', 2),
    (1015, 1015, 1015, '2024-02-15', 'Credit Card', 1),
    (1016, 1016, 1016, '2024-02-16', 'Credit Card', 2),
    (1017, 1017, 1017, '2024-02-17', 'Cash', 1),
    (1018, 1018, 1018, '2024-02-18', 'Credit Card', 2),
    (1019, 1019, 1019, '2024-02-19', 'Credit Card', 1),
    (1020, 1020, 1020, '2024-02-20', 'Cash', 2),
    (1021, 1021, 1021, '2024-02-21', 'Credit Card', 1),
    (1022, 1022, 1022, '2024-02-22', 'Credit Card', 2),
    (1023, 1023, 1023, '2024-02-23', 'Cash', 1),
    (1024, 1001, 1001, '2024-02-24', 'Credit Card', 1),
    (1025, 1002, 1002, '2024-02-25', 'Cash', 2),
    (1026, 1003, 1003, '2024-02-26', 'Credit Card', 1),
    (1027, 1004, 1004, '2024-02-27', 'Credit Card', 3),
    (1028, 1005, 1005, '2024-02-28', 'Cash', 2),
    (1029, 1006, 1006, '2024-02-29', 'Credit Card', 1),
    (1030, 1007, 1007, '2024-03-01', 'Credit Card', 2),
    (1031, 1008, 1008, '2024-03-02', 'Cash', 1),
    (1032, 1009, 1009, '2024-03-03', 'Credit Card', 2),
    (1033, 1010, 1010, '2024-03-04', 'Credit Card', 1),
    (1034, 1011, 1011, '2024-03-05', 'Cash', 3),
    (1035, 1012, 1012, '2024-03-06', 'Credit Card', 2),
    (1036, 1013, 1013, '2024-03-07', 'Credit Card', 1),
    (1037, 1014, 1014, '2024-03-08', 'Cash', 2),
    (1038, 1015, 1015, '2024-03-09', 'Credit Card', 1),
    (1039, 1016, 1016, '2024-03-10', 'Credit Card', 2),
    (1040, 1017, 1017, '2024-03-11', 'Cash', 1),
    (1041, 1018, 1018, '2024-03-12', 'Credit Card', 2),
    (1042, 1019, 1019, '2024-03-13', 'Credit Card', 1),
    (1043, 1020, 1020, '2024-03-14', 'Cash', 2),
    (1044, 1021, 1021, '2024-03-15', 'Credit Card', 1),
    (1045, 1022, 1022, '2024-03-16', 'Credit Card', 2),
    (1046, 1023, 1023, '2024-03-17', 'Cash', 1),
    (1047, 1001, 1001, '2024-03-18', 'Credit Card', 1),
    (1048, 1002, 1002, '2024-03-19', 'Cash', 2),
    (1049, 1003, 1003, '2024-03-20', 'Credit Card', 1),
    (1050, 1004, 1004, '2024-03-21', 'Credit Card', 3);
